{"cameraMode":{"drawMode":0,"name":"Shaded","section":"Shading Mode"},"sceneLighting":false,"audioPlay":false,"sceneViewState":{"showFog":true,"showMaterialUpdate":false,"showSkybox":false,"showFlares":true,"showImageEffects":true,"showParticleSystems":true},"in2DMode":false,"pivot":{"x":6.129195213317871,"y":-0.32118797302246096,"z":-3.8373889923095705},"rotation":{"x":-0.07580795139074326,"y":0.916893720626831,"z":-0.21015332639217378,"w":-0.33074843883514407},"size":1.4660253524780274,"orthographic":false}