{"cameraMode":{"drawMode":0,"name":"Shaded","section":"Shading Mode"},"sceneLighting":false,"audioPlay":false,"sceneViewState":{"showFog":true,"showMaterialUpdate":false,"showSkybox":true,"showFlares":true,"showImageEffects":true,"showParticleSystems":true},"in2DMode":false,"pivot":{"x":3.3104357719421388,"y":0.7245063781738281,"z":-1.8691473007202149},"rotation":{"x":0.08331143856048584,"y":-0.8596793413162231,"z":0.14872878789901734,"w":0.48155340552330019},"size":4.507394790649414,"orthographic":false}